,A_NAME,A_RA,A_DEC,B_NAME,B_RA,B_DEC,B_ID,OFFSET
0,J1824-2452,276.13542,-24.86889,PSR J1824-2452I,276.135398,-24.868928,PL0095,0.15452352720851667
1,2XMM J161436.5-223031,243.65234,-22.50877,PSR J1614-2230 ,243.65211299999999,-22.508628,PL0061,0.9117402090577997
2,2XMMI J180351.4-213708,270.96439,-21.61891,PSR J1803-2137 ,270.964349,-21.618674,PL0083,0.8606095018845041
3,XTE J1810-197,272.46292,-19.73111,PSR J1809-1943 ,272.462855,-19.731092999999998,PL0085,0.22860547089687897
4,2XMM J181129.1-192525,272.87146,-19.42371,PSR J1811-1925 ,272.871889,-19.424222,PL0089,2.3492070448798996
5,2XMM J181335.0-174958,273.39603,-17.83281,PSR J1813-1749 ,273.39656099999996,-17.832534,PL0091,2.0733443010234787
6,2XMM J182613.0-133448,276.55441,-13.58004,PSR J1826-1334 ,276.554876,-13.579607999999999,PL0097,2.2534044089288914
7,2EG J1825-1307,276.555,-13.57972,PSR J1826-1334 ,276.554876,-13.579607999999999,PL0097,0.5923321231132969
