,A_NAME,A_RA,A_DEC,B_NAME,B_RA,B_DEC,B_ID,OFFSET
0,2XMMI J174025.9+100006,265.10794,10.00168,PSR J1740+1000 ,265.108131,10.001684,PL0078,0.6773034005440717
1,2XMM J193213.7+105933,293.05746,10.99256,PSR J1932+1059 ,293.058323,10.992422999999999,PL0113,3.089418705863664
2,2XMM J063354.2+174614,98.47625,17.77069,PSR J0633+1746 ,98.475897,17.770521,PL0020,1.354492638713785
3,1RXS J063354.1+174612,98.47542,17.77,PSR J0633+1746 ,98.475897,17.770521,PL0020,2.488368853862467
4,2XMMI J202105.4+365104,305.27252,36.85126,PSR J2021+3651,305.27279500000003,36.851285,PL0120,0.7972890494361727
5,E2259+587,345.28267,58.87944,PSR J2301+5852 ,345.284506,58.878949,PL0137,3.8463461260462912
6,1WGA J2301.1+5852,345.28458,58.87994,PSR J2301+5852 ,345.284506,58.878949,PL0137,3.5702559122825357
7,4U0142+614,26.59214,61.75205,PSR J0146+6145 ,26.593348,61.750834,PL0005,4.837342502810833
8,4U 0142+614,26.59338,61.75089,PSR J0146+6145 ,26.593348,61.750834,PL0005,0.20884330152129138
