,A_NAME,A_RA,A_DEC,B_NAME,B_RA,B_DEC,B_ID,OFFSET
0,2XMM J073751.4-303940,114.46381,-30.66116,PSR J0737-3039A,114.463516,-30.661306,PL0024,1.0512581493403002
1,CXOGC J174540.0-290031,266.41679,-29.00861,PSR J1745-2900 ,266.41684300000003,-29.007799,PL0081,2.924364515371652
2,PSR B0628-28,97.70625,-28.57889,PSR J0630-2834 ,97.705913,-28.578623999999998,PL0018,1.4324947591385506
