,A_NAME,A_RA,A_DEC,B_NAME,B_RA,B_DEC,B_ID,OFFSET
0,2XMM J054010.8-691954,85.04516,-69.33173,PSR J0540-6919 ,85.045294,-69.331887,PL0017,0.5902892970351682
1,2XMM J053746.7-691017,84.44443,-69.17141,PSR J0537-6910 ,84.447521,-69.17218199999999,PL0015,4.835152764293074
2,2XMM J110145.0-610140,165.43771,-61.02787,PSR J1101-6101 ,165.437062,-61.027389,PL0036,2.067678176655515
