,A_NAME,A_RA,A_DEC,B_NAME,B_RA,B_DEC,B_ID,OFFSET
0,1RXS J121000.9-522629,182.50375,-52.44139,PSR J1210-5226 ,182.503605,-52.441219999999994,PL0044,0.6897779906829061
1,2XMM J105759.0-522656,164.49596,-52.44903,PSR J1057-5226 ,164.49576100000002,-52.4491,PL0035,0.5041255554787211
2,2XMM J121000.8-522628,182.50368,-52.44123,PSR J1210-5226 ,182.503605,-52.441219999999994,PL0044,0.1684764065338702
3,2XMM J161729.3-505512,244.37231,-50.92022,PSR J1617-5055 ,244.37230899999997,-50.920227000000004,PL0062,0.025301983898265143
4,J1227-4853,186.99458,-48.89528,PSR J1227-4853 ,186.994816,-48.89537,PL0045,0.6457269654086404
5,XMMSL2 J122758.6-485340,186.9947,-48.8944,PSR J1227-4853 ,186.994816,-48.89537,PL0045,3.502776127800327
6,1RXS J083520.6-451035,128.83583,-45.17639,PSR J0835-4510 ,128.835887,-45.176291,PL0026,0.3846360449447404
7,2XMM J170942.6-442905,257.42758,-44.48495,PSR J1709-4429 ,257.42801000000003,-44.485678,PL0072,2.843988290762446
