,A_NAME,A_RA,A_DEC,B_NAME,B_RA,B_DEC,B_ID,OFFSET
0,AX J1841.3-0455,280.33058,-4.93644,PSR J1841-0456 ,280.330517,-4.936374,PL0103,0.32788888399803545
1,2XMM J102347.6+003841,155.94878,0.64469,PSR J1023+0038 ,155.94868200000002,0.644712,PL0030,0.36155873881982253
2,AY SEX,155.94875,0.64472,PSR J1023+0038 ,155.94868200000002,0.644712,PL0030,0.24647290417579926
3,PSR J1023+0038,155.94833,0.645,PSR J1023+0038 ,155.94868200000002,0.644712,PL0030,1.6372375147156049
4,2XMM J185238.5+004020,283.16037,0.67218,PSR J1852+0040 ,283.160731,0.67213,PL0107,1.3119175772505272
