,SRC_ID,A_NAME,A_RA,A_DEC,A_DATABASE_TABLE,A_OBSERVATORY,B_NAME,B_RA,B_DEC,XOFFSET_
8,BH0009,SAX J1819.3-2525     ,274.84,-25.406944,INTREFCAT       ,INTEGRAL     ,2CXO J181921.6-252425 ,274.840069,-25.407185,0.015
17,BH0018,CXOU J100514.2-074233,151.309383,-7.709196,NGC3115CXO      ,CHANDRA      ,2CXO J100514.2-074233 ,151.309418,-7.709184,0.002
16,BH0017,CXOU J100510.9-074533,151.295447,-7.759294,NGC3115CXO      ,CHANDRA      ,2CXO J100510.9-074533 ,151.295434,-7.759416,0.007
1,BH0002,1E 1740.7-2942       ,265.978333,-29.745278,INTREFCAT       ,INTEGRAL     ,2CXO J174354.8-294443 ,265.978511,-29.745287,0.009
