,SRC_ID,A_NAME,A_RA,A_DEC,A_DATABASE_TABLE,A_OBSERVATORY,B_NAME,B_RA,B_DEC,XOFFSET_
25,NS0026,HD 22468             ,54.197083,0.587778,INTREFCAT       ,INTEGRAL     ,2CXO J033647.2+003515 ,54.197048,0.587742,0.003
28,NS0029,IGR J17254-3257      ,261.353333,-32.954167,INTREFCAT       ,INTEGRAL     ,2CXO J172524.9-325714 ,261.354147,-32.954104,0.041
46,NS0047,XMMU J004414.0+41220 ,11.058333,41.367778,INTREFCAT       ,INTEGRAL     ,2CXO J004414.4+412204 ,11.060336,41.368015,0.091
58,NS0059,J1749-2808           ,267.382083,-28.134722,RITTERLMXB      ,             ,2CXO J174931.7-280805 ,267.382206,-28.134737,0.007
12,NS0013,4U 1730-335          ,263.350417,-33.387778,INTREFCAT       ,INTEGRAL     ,2CXO J173324.5-332320 ,263.352479,-33.388921,0.124
35,NS0036,SAX J1808.4-3658     ,272.114583,-36.978889,INTREFCAT       ,INTEGRAL     ,2CXO J180827.6-365843 ,272.115179,-36.978637,0.032
15,NS0016,CEN X-4              ,224.591667,-31.668889,INTREFCAT       ,INTEGRAL     ,2CXO J145821.9-314007 ,224.591322,-31.668837,0.018
76,NS0077,1WGA J1747.4-3002    ,266.854167,-30.039056,WGACAT          ,ROSAT        ,2CXO J174725.2-300216 ,266.855063,-30.037798,0.089
67,NS0068,SAXWFC J1744.9-2921.2,266.216667,-29.353,SAXWFCCAT       ,BEPPOSAX     ,2CXO J174451.1-292116 ,266.212968,-29.354525,0.214
