,SRC_ID,A_NAME,A_RA,A_DEC,A_DATABASE_TABLE,A_OBSERVATORY,B_NAME,B_RA,B_DEC,XOFFSET_
7,BH0008,IGR J17464-3213      ,266.566667,-32.233056,INTREFCAT       ,INTEGRAL     ,2CXO J174616.1-321400 ,266.567165,-32.233511,0.037
25,BH0026,J1659-1515           ,254.757083,-15.258056,RITTERLMXB      ,             ,2CXO J165901.7-151528 ,254.757118,-15.258036,0.002
2,BH0003,GINGA 1354-645       ,209.54125,-64.734722,INTREFCAT       ,INTEGRAL     ,2CXO J135809.6-644405 ,209.540413,-64.734813,0.022
15,BH0016,CXOU J100510.0-074529,151.291894,-7.758287,NGC3115CXO      ,CHANDRA      ,2CXO J100510.0-074529 ,151.291914,-7.75833,0.003
