,type,SRC_ID,A_NAME,B_DEC,B_NAME,B_RA,DEC,RA,num_obs,XOFFSET_
0,PULSAR,PL0001,PSR_J0007+7303_,73.052259,2CXO_J000701.5+730308_,1.756555,73.052056,1.757083,11,0.015
1,PULSAR,PL0002,PSR_J0023+0923_,9.389989,2CXO_J002316.8+092323_,5.820373,9.389963,5.820326,2,0.003
2,PULSAR,PL0003,PSR_J0100-7211_,-72.192701,2CXO_J010043.0-721133_,15.179341,-72.192667,15.179292,20,0.002
