,SRC_ID,A_NAME,A_RA,A_DEC,A_DATABASE_TABLE,A_OBSERVATORY,B_NAME,B_RA,B_DEC,XOFFSET_
1,BH0002,1E 1740.7-2942       ,265.978333,-29.745278,INTREFCAT       ,INTEGRAL     ,2CXO J174354.8-294443 ,265.978511,-29.745287,0.009
28,BH0029,V404 CYG             ,306.015833,33.8675,RITTERLMXB      ,             ,2CXO J202403.8+335201 ,306.01592,33.867218,0.017
21,BH0022,CXOU J100517.1-074217,151.321512,-7.704872,NGC3115CXO      ,CHANDRA      ,2CXO J100517.1-074217 ,151.321558,-7.70486,0.003
27,BH0028,KV UMA               ,169.545417,48.036944,RITTERLMXB      ,             ,2CXO J111810.7+480212 ,169.544905,48.036769,0.023
