,SRC_ID,A_NAME,A_RA,A_DEC,A_DATABASE_TABLE,A_OBSERVATORY,B_NAME,B_RA,B_DEC,XOFFSET_
25,NS0026,HD 22468             ,54.197083,0.587778,INTREFCAT       ,INTEGRAL     ,2CXO J033647.2+003515 ,54.197048,0.587742,0.003
54,NS0055,J1748-2021#1         ,267.2175,-20.358889,RITTERLMXB      ,             ,2CXO J174852.1-202132 ,267.217314,-20.359012,0.013
42,NS0043,XB 1732-304          ,263.948333,-30.482222,INTREFCAT       ,INTEGRAL     ,2CXO J173547.0-302858 ,263.945897,-30.482815,0.131
40,NS0041,XB 1732-304          ,263.948333,-30.482222,INTREFCAT       ,INTEGRAL     ,2CXO J173547.6-302858 ,263.948614,-30.482933,0.045
24,NS0025,H 1702-429           ,256.56375,-43.035833,INTREFCAT       ,INTEGRAL     ,2CXO J170615.3-430208 ,256.563917,-43.035801,0.008
44,NS0045,XMMU J004245.2+41172 ,10.688333,41.289167,INTREFCAT       ,INTEGRAL     ,2CXO J004244.8+411728 ,10.686879,41.291118,0.134
77,NS0078,1WGA J1911.2+0035    ,287.81625,0.584444,WGACAT          ,ROSAT        ,2CXO J191116.0+003505 ,287.816769,0.584978,0.045
50,NS0051,XTE J1739-285        ,264.975,-28.496389,INTREFCAT       ,INTEGRAL     ,2CXO J173953.9-282946 ,264.974746,-28.49623,0.016
29,NS0030,IGR J17464-2811      ,266.8175,-28.18,INTREFCAT       ,INTEGRAL     ,2CXO J174716.1-281048 ,266.817333,-28.180017,0.009
