,SRC_ID,A_NAME,A_RA,A_DEC,A_DATABASE_TABLE,A_OBSERVATORY,B_NAME,B_RA,B_DEC,XOFFSET_
28,NS0029,IGR J17254-3257      ,261.353333,-32.954167,INTREFCAT       ,INTEGRAL     ,2CXO J172524.9-325714 ,261.354147,-32.954104,0.041
54,NS0055,J1748-2021#1         ,267.2175,-20.358889,RITTERLMXB      ,             ,2CXO J174852.1-202132 ,267.217314,-20.359012,0.013
53,NS0054,BW ANT               ,142.334167,-31.384167,RITTERLMXB      ,             ,2CXO J092920.1-312303 ,142.334101,-31.384266,0.007
63,NS0064,V5512 SGR            ,273.629583,-17.157222,RITTERLMXB      ,             ,2CXO J181431.0-170925 ,273.629472,-17.157138,0.008
49,NS0050,XTE J1710-281        ,257.55125,-28.131667,INTREFCAT       ,INTEGRAL     ,2CXO J171012.5-280750 ,257.552347,-28.130798,0.078
2,NS0003,1A 1743-288          ,266.760833,-28.883056,INTREFCAT       ,INTEGRAL     ,2CXO J174702.5-285259 ,266.760784,-28.883084,0.003
71,NS0072,SAXWFC J1748.1-2446.1,267.026667,-24.769083,SAXWFCCAT       ,BEPPOSAX     ,2CXO J174806.1-244617 ,267.025705,-24.771629,0.161
15,NS0016,CEN X-4              ,224.591667,-31.668889,INTREFCAT       ,INTEGRAL     ,2CXO J145821.9-314007 ,224.591322,-31.668837,0.018
72,NS0073,SAXWFC J1750.2-3703.1,267.539167,-37.052083,SAXWFCCAT       ,BEPPOSAX     ,2CXO J175009.7-370300 ,267.54075,-37.050032,0.145
